"Area","Year","Asses","Buffaloes","Camelids, other","Cattle","Goats","Horses","Mules","Pigs","Sheep"
"Argentina",1961,129000,0,0,42520000,5000000,4184000,328000,3787000,50150000
"Argentina",1962,120000,0,0,42901000,4970000,3966000,319000,3074729,47305408
"Argentina",1963,110000,0,0,40009120,4980000,3761235,309000,3416559,46157904
"Argentina",1964,100000,0,0,42300000,4998000,3760000,300000,3400000,47500000
"Argentina",1965,100000,0,0,46708688,5098000,3760000,300000,3700000,49000000
"Argentina",1966,98000,0,0,48800000,5200000,3780000,280000,4000000,48500000
"Argentina",1967,98000,0,0,51227008,5280000,3800000,260000,4000000,49000000
"Argentina",1968,97000,0,0,51465008,5300000,3700000,230000,3400000,46000000
"Argentina",1969,95000,0,0,48298208,5340000,3040000,210000,4097569,44319840
"Argentina",1970,94000,0,0,48439648,5380000,3620000,200000,4400000,43000000
"Argentina",1971,94000,0,0,49786000,5420000,3600000,190000,4900000,41000000
"Argentina",1972,90000,0,0,52300600,5460000,3540000,180000,4500000,40000000
"Argentina",1973,90000,0,0,54771008,5500000,3500000,170000,5000000,40000000
"Argentina",1974,85198,0,0,55354672,4580263,3500000,166578,4126740,34691424
"Argentina",1975,88000,0,0,56707008,4000000,3400000,165000,4200000,34691008
"Argentina",1976,90000,0,0,58174000,4000000,3500000,165000,4127000,34485008
"Argentina",1977,90000,0,0,61053808,3500000,3073479,165000,3551712,35219616
"Argentina",1978,90000,0,0,57791008,3200000,2825000,165000,3393000,33499000
"Argentina",1979,90000,0,0,56864000,3000000,3000000,165000,3552000,32000000
"Argentina",1980,90000,0,0,55760496,3000000,3000000,165000,3800000,31000000
"Argentina",1981,90000,0,0,54234800,3000000,3073000,165000,3900000,31417696
"Argentina",1982,90000,0,0,52650000,3000000,3000000,165000,3900000,30400608
"Argentina",1983,90000,0,0,53790000,2900000,3050000,165000,3800000,30000000
"Argentina",1984,90000,0,0,54569000,3098000,2970000,165000,3800000,28000000
"Argentina",1985,90000,0,0,54000000,3100000,3000000,165000,3800000,28750000
"Argentina",1986,90000,0,0,52537008,3100000,3000000,165000,4000000,29167008
"Argentina",1987,90000,0,0,50994000,3100000,3000000,167000,3700000,28750000
"Argentina",1988,90000,0,0,52257000,3200000,2900000,168000,3341652,29167008
"Argentina",1989,90000,0,0,52602000,3200000,3200000,170000,2800000,29345008
"Argentina",1990,90000,0,0,52845000,3300000,3400000,172000,2400000,28571008
"Argentina",1991,90000,0,0,52452000,3400000,3400000,172000,2400000,26500000
"Argentina",1992,90000,0,0,53011000,3500000,3300000,173000,2600000,25706000
"Argentina",1993,90000,0,0,52665200,3710060,3300000,174000,2850000,18436200
"Argentina",1994,90000,0,0,53156952,3977950,3300000,175000,3300000,16922600
"Argentina",1995,90000,0,0,52648600,3547142,3300000,175000,3100000,15244600
"Argentina",1996,90000,0,0,50829700,3374600,3300000,175000,3100000,14308000
"Argentina",1997,90000,0,0,50058900,3428000,3300000,175000,3200000,13197800
"Argentina",1998,90000,0,0,48048900,3400000,3300000,175000,3500000,13500000
"Argentina",1999,95000,0,0,49056700,3402700,3600000,180000,1725000,13703400
"Argentina",2000,95000,0,0,48674400,3490200,3600000,180000,1750000,13561600
"Argentina",2001,95000,0,0,48851400,3386600,3600000,180000,1700000,13500000
"Argentina",2002,95000,0,0,52000000,4000000,3650000,180000,1600000,12400000
"Argentina",2003,98000,0,0,55875764,4200000,3655000,185000,1500000,13829000
"Argentina",2004,98000,0,0,56844020,4200000,3655000,185000,1490000,15158000
"Argentina",2005,98000,0,0,57033528,4200000,3655000,185000,1830000,15497000
"Argentina",2006,98000,0,0,58293608,4200000,3650000,185000,2260000,15838000
"Argentina",2007,98000,0,0,58722108,4250000,3680000,185000,2270000,16180000
"Argentina",2008,98000,0,0,57583120,4250000,3680000,185000,2270000,15988000
"Argentina",2009,98000,0,0,54463872,4250000,3680000,185000,2270000,15278000
"Argentina",2010,98000,0,0,48949744,4037036,3600000,185000,3179039,15024744
"Argentina",2011,98000,0,0,47972660,4280000,3590000,185000,3437003,14731000
"Argentina",2012,98000,0,0,49865864,4350000,3650000,185000,3818758,14697000
"Argentina",2013,98000,0,0,50996397,4375000,3620000,185000,4221954,14574880
"Argentina",2014,99000,0,0,51646544,4400000,3600000,185000,4692103,14534000
"Bolivia",1961,445000,0,1710000,1830000,1700000,191000,56000,619000,5965000
"Bolivia",1962,468000,0,1760000,1880000,1764000,193000,59000,631000,6174000
"Bolivia",1963,490000,0,1800000,1930000,1940400,194000,62000,642000,6300000
"Bolivia",1964,513250,0,1850000,1980000,2000000,194900,65800,653500,6097000
"Bolivia",1965,550000,0,1890000,2030000,2000000,214300,72300,703769,6143900
"Bolivia",1966,560000,0,1935000,2080000,2000000,223000,73000,710000,6150000
"Bolivia",1967,590000,0,1980000,2131900,2100000,244000,75000,719000,6378300
"Bolivia",1968,620000,0,2025000,2183658,2150000,264000,81000,777000,6460000
"Bolivia",1969,640000,0,2100000,2190000,2200000,284000,85000,837000,6722700
"Bolivia",1970,650000,0,2109200,2290800,2351420,290000,86000,909000,6786800
"Bolivia",1971,670000,0,2157400,2411840,2445480,300000,88000,953000,6965400
"Bolivia",1972,660000,0,2206700,2564875,2543290,300000,90000,1000000,7144000
"Bolivia",1973,660000,0,2257200,2658810,2645030,310000,90000,1050000,7322770
"Bolivia",1974,680000,0,2308100,3096000,2711220,320000,92000,1102500,7506016
"Bolivia",1975,700000,0,2359800,3244035,2792550,340000,92000,1157625,7693847
"Bolivia",1976,720000,0,2412800,3398110,2848400,360000,94000,1231850,7987930
"Bolivia",1977,740000,0,2466900,3578280,2913900,370000,96000,1292300,8229000
"Bolivia",1978,720000,0,2524400,4208600,2945950,360000,90000,1350610,8462471
"Bolivia",1979,700000,0,2379500,4523200,2978400,340000,88000,1411550,8784100
"Bolivia",1980,680000,0,2317625,4698700,2006700,330000,86000,1600600,9056600
"Bolivia",1981,660000,0,2352350,4487800,2013500,320000,85000,1646800,9060000
"Bolivia",1982,630000,0,2387150,4601600,2045000,310000,84000,1706100,8200000
"Bolivia",1983,600000,0,2194300,5616600,1757400,300000,82000,1909900,7500000
"Bolivia",1984,600000,0,1548300,5214626,1296390,292600,80000,1693800,6592158
"Bolivia",1985,600000,0,1653100,5515100,1297955,310600,80000,1724600,7803600
"Bolivia",1986,600000,0,1650021,5055183,1382589,310000,80000,1788377,6033596
"Bolivia",1987,610000,0,1650942,5238591,1507408,315000,80000,1902263,7245575
"Bolivia",1988,620000,0,1639000,5401561,1480000,315000,80000,2019088,7505493
"Bolivia",1989,630000,0,1674000,5475891,1459250,320000,80000,2126537,7701137
"Bolivia",1990,630000,0,1679148,5131659,1445123,320000,80000,1113083,6113769
"Bolivia",1991,630000,0,1650761,5228026,1467617,320000,80000,1175966,6273603
"Bolivia",1992,631000,0,1691210,5349406,1485946,322000,81000,1237341,6380331
"Bolivia",1993,631000,0,1718215,5463082,1511243,322000,81000,1307398,6552555
"Bolivia",1994,631000,0,1749911,5603739,1532984,322000,81000,1368858,6719515
"Bolivia",1995,631000,0,1792441,5737977,1559007,322000,81000,1443817,6892612
"Bolivia",1996,631000,0,1838241,5886283,1585726,322000,81000,1524230,7067739
"Bolivia",1997,631000,0,1850000,6061216,1613273,322000,81000,1609114,7250723
"Bolivia",1998,631000,0,1850000,6225688,1637114,322000,81000,1697767,7422892
"Bolivia",1999,631000,0,1950000,6392425,1672516,340000,81000,1776463,7629157
"Bolivia",2000,631000,0,2050000,6911930,1700611,360000,81000,1746200,7352951
"Bolivia",2001,631000,0,2100000,6500096,1726858,380000,81000,1820129,7477123
"Bolivia",2002,632000,0,2216172,6673475,1769433,400000,81500,1906989,7596897
"Bolivia",2003,635000,0,2259860,6851256,1823106,428626,82000,1994591,7723474
"Bolivia",2004,635000,0,2324764,7033582,1871738,437460,82000,2083698,7843299
"Bolivia",2005,635000,0,2385347,7217507,1924891,447047,82000,2179884,7970641
"Bolivia",2006,635000,0,2446156,7409002,1976361,455929,82000,2279625,8112185
"Bolivia",2007,635000,0,2506455,7586526,2026429,465397,82000,2384934,8237739
"Bolivia",2008,635000,0,2506455,7786802,2091171,470000,82000,2502007,8381228
"Bolivia",2009,635000,0,2843032,7985230,2144356,475000,82000,2569864,8540888
"Bolivia",2010,635000,0,2649422,8189786,2199018,478000,82000,2640616,8701465
"Bolivia",2011,635000,0,3077887,8400439,2254713,483000,82000,2712800,8877510
"Bolivia",2012,635000,0,3156914,8620784,2312441,487000,82000,2787973,9078947
"Bolivia",2013,635000,0,3237069,8847434,2370944,488000,82000,2863928,9287895
"Bolivia",2014,635000,0,3294140,8865033,2431041,490000,83000,2933413,9499147
"Brazil",1961,1044000,63000,0,56041312,4900000,4409000,1388000,25579856,14000000
"Brazil",1962,1083000,68000,0,57739888,5000000,4463000,1430000,25917408,14500000
"Brazil",1963,1148000,61000,0,59703040,5200000,4633000,1503000,26487600,15000000
"Brazil",1964,1225000,63000,0,61732944,5400000,4745000,1559000,27070304,15600000
"Brazil",1965,1309000,82000,0,63831856,5500000,4915000,1615000,27665808,16100000
"Brazil",1966,1368000,87000,0,66002144,5573000,4980000,1651000,28274496,16219000
"Brazil",1967,1372000,91000,0,68246224,5445000,4880000,1613000,28896704,16116000
"Brazil",1968,1426000,96000,0,70566608,5604000,4924000,1633000,29532400,16767000
"Brazil",1969,1438000,106000,0,72965856,5793000,4875000,1642000,30182000,17887008
"Brazil",1970,1420000,118000,0,75446704,5723000,4850000,1631000,30846000,17773008
"Brazil",1971,1420450,129000,0,78562256,5708993,4859254,1619340,31523648,17643040
"Brazil",1972,1450000,140000,0,83000000,6000000,4910000,1680000,32100000,17500000
"Brazil",1973,1480000,159000,0,85500000,6394000,5105000,1702000,33000000,17500000
"Brazil",1974,1568000,203000,0,90437008,7171000,5217000,1755000,34192000,17400000
"Brazil",1975,1691000,267000,0,92495360,7101000,5507000,1822000,35200000,17828224
"Brazil",1976,1464000,320000,0,101674000,7485000,5157000,1631000,35204800,18002160
"Brazil",1977,1423000,343000,0,107296560,7424000,4934000,1514000,34532000,18008592
"Brazil",1978,1363000,393000,0,106942560,7665000,4853000,1488000,33699008,17418304
"Brazil",1979,1340000,474000,0,109177488,8070000,4928000,1586000,35695008,17806272
"Brazil",1980,1330000,495000,0,118971424,8326000,5055000,1605000,34183008,18381008
"Brazil",1981,1331000,542000,0,121785008,8865000,5227000,1750000,32429008,19054000
"Brazil",1982,1315672,623574,0,123488000,9036746,5259708,1829320,33175600,18588000
"Brazil",1983,1237372,702182,0,124186000,8935792,5288762,1835523,31677536,18121376
"Brazil",1984,1246471,804478,0,127655008,9674637,5442283,1946137,32327344,18447248
"Brazil",1985,1274299,882142,0,128422672,10020101,5549995,1942983,32247680,18658960
"Brazil",1986,1285754,984811,0,132221568,10595292,5735208,1921404,32539344,19659744
"Brazil",1987,1295036,1082128,0,135720288,10791865,5855273,1952362,32479680,19859616
"Brazil",1988,1304119,1181219,0,139599104,11312713,5971494,1983720,32120896,20084880
"Brazil",1989,1322156,1285043,0,144154096,11669018,6097785,2009343,33015040,20041456
"Brazil",1990,1342826,1397097,0,147102320,11894587,6121515,2032924,33623184,20014512
"Brazil",1991,1364199,1432112,0,152135504,12172146,6236607,2035039,34290272,20127952
"Brazil",1992,1381401,1423348,0,154228992,12159560,6329213,2046360,34532168,19955900
"Brazil",1993,1302370,1498890,0,155134096,10618500,6314130,1992930,34184192,18008300
"Brazil",1994,1312700,1571349,0,158243200,10879290,6355720,1987220,35141840,18436100
"Brazil",1995,1344160,1641950,0,161227936,11271700,6394140,1990110,36062104,18336400
"Brazil",1996,1231893,1046106,0,158288544,7436454,5705096,1285628,29202182,14725503
"Brazil",1997,1248507,977767,0,161416160,7968169,5831533,1294507,29637108,14533716
"Brazil",1998,1232750,1017246,0,163154352,8164153,5866780,1292412,30006946,14268387
"Brazil",1999,1236401,1068059,0,164621040,8622935,5831341,1335771,30838616,14399960
"Brazil",2000,1242177,1102551,0,169875520,9346813,5831817,1347855,31562112,14784958
"Brazil",2001,1239025,1118823,0,176388720,9537439,5801055,1345656,32605112,14638925
"Brazil",2002,1217122,1114720,0,185347008,9428620,5774493,1339161,32013200,14287200
"Brazil",2003,1208660,1148808,0,195551584,9581650,5828376,1345389,32304904,14556484
"Brazil",2004,1177740,1133622,0,204512736,10046888,5787250,1374450,33085300,15057840
"Brazil",2005,1189470,1173629,0,207156704,10306722,5787249,1388150,34063936,15588041
"Brazil",2006,1187420,1156870,0,205886240,10401449,5749117,1386020,35173824,16019170
"Brazil",2007,1163316,1131986,0,199752016,9450312,5602053,1343279,35945016,16239455
"Brazil",2008,1130639,1146690,0,202306736,9355014,5542182,1313563,36819016,16630408
"Brazil",2009,1030494,1135191,0,205307954,9163560,5496817,1275639,38045456,16811720
"Brazil",2010,1001587,1184511,0,209541109,9312784,5514253,1277419,38956760,17380581
"Brazil",2011,974688,1278075,0,212815311,9386316,5510601,1269403,39307336,17668063
"Brazil",2012,902716,1261922,0,211279082,8646463,5363185,1221756,38795902,16789492
"Brazil",2013,915000,1332284,0,211764292,8779213,5312076,1239000,36743593,17290519
"Brazil",2014,927000,1319478,0,212366132,8851879,5450601,1256000,37930307,17614454
"Chile",1961,15000,0,0,2841800,1130000,524500,29000,927100,6409400
"Chile",1962,15000,0,0,2875900,1080000,516600,27000,912400,6516100
"Chile",1963,17000,0,0,2819000,1030000,502100,25000,907500,6510200
"Chile",1964,17000,0,0,2844600,980000,494300,23000,958500,6551700
"Chile",1965,18000,0,0,2870171,933007,478303,20998,1021594,6690280
"Chile",1966,38000,0,0,2900000,935000,480000,19000,1022000,6630000
"Chile",1967,37000,0,0,3096940,932000,482000,18000,1023000,6501910
"Chile",1968,36000,0,0,2876280,910000,481000,18000,1024000,6675020
"Chile",1969,35000,0,0,2910710,850000,480000,17000,1025000,6500000
"Chile",1970,35000,0,0,2998675,840000,478000,17000,1025000,6130000
"Chile",1971,35000,0,0,2860000,839000,475000,16000,1026000,5906700
"Chile",1972,35000,0,0,3187990,900000,480000,15000,966015,5529300
"Chile",1973,35000,0,0,3164614,865000,470000,15000,967761,5353300
"Chile",1974,35000,0,0,3456725,835000,460000,15000,866148,5543700
"Chile",1975,34000,0,0,3606210,800000,450000,14000,870000,5644401
"Chile",1976,33000,0,0,3389499,584000,450000,14000,895055,5729067
"Chile",1977,32000,0,0,3426874,600000,450000,13000,923766,5698933
"Chile",1978,30000,0,0,3487045,600000,450000,12000,979192,5792395
"Chile",1979,30000,0,0,3575000,600000,450000,11000,1037000,5928080
"Chile",1980,29000,0,0,3625000,600000,450000,10000,1068000,6064010
"Chile",1981,29000,0,0,3750000,600000,450000,10000,1100000,6185000
"Chile",1982,28000,0,0,3800000,600000,450000,10000,1150000,6000000
"Chile",1983,28000,0,0,3780000,600000,470000,10000,1100000,6200000
"Chile",1984,28000,0,0,3650000,600000,480000,10000,1070000,6000000
"Chile",1985,28000,0,0,3191000,600000,490000,10000,1100000,5800000
"Chile",1986,28000,0,0,3220000,600000,490000,10000,1150000,5805700
"Chile",1987,28000,0,0,3371000,600000,490000,10000,1300000,5500000
"Chile",1988,28000,0,0,3466000,600000,490000,10000,1360000,5300000
"Chile",1989,28000,0,0,3465830,600000,500000,10000,1056610,4720800
"Chile",1990,28000,0,0,3403850,600000,345400,10000,1250780,4887230
"Chile",1991,28000,0,0,3460530,600000,338790,10000,1225940,4800930
"Chile",1992,28000,0,0,3557480,600000,331010,10000,1287910,4688610
"Chile",1993,28000,0,0,3691730,600000,334710,10000,1407486,4628810
"Chile",1994,28000,0,0,3814242,600000,348338,10000,1489990,4649140
"Chile",1995,28000,0,0,3858248,600000,330776,10000,1485615,4625323
"Chile",1996,28000,0,0,3913593,650000,345141,10000,1655189,4516344
"Chile",1997,28000,0,0,4097244,738183,439058,10000,1716881,3834668
"Chile",1998,28000,0,0,4160000,740000,445000,10000,1450909,3754114
"Chile",1999,28000,0,0,4134000,700000,435000,9000,1633238,4116000
"Chile",2000,28500,0,0,4068000,740000,430000,8500,1567780,4144000
"Chile",2001,28500,0,0,3980000,705000,445000,9500,2169654,4090000
"Chile",2002,28800,0,0,3927000,735000,400000,10000,2305479,4050000
"Chile",2003,29000,0,0,3932000,715000,365000,10500,2165763,3750000
"Chile",2004,29500,0,0,3989000,725000,350000,10800,2314269,3680000
"Chile",2005,30000,0,0,3985000,735000,335000,11000,2572017,3400000
"Chile",2006,30000,0,0,3900000,735000,350000,10000,2854646,3400000
"Chile",2007,15016,0,0,3738547,705527,304252,6667,2957195,3888485
"Chile",2008,15500,0,0,3800000,740000,323000,7000,2790253,3950000
"Chile",2009,15500,0,0,3850000,750000,308300,7000,2724639,3950000
"Chile",2010,15500,0,0,3830000,667052,307560,7000,2706148,3644346
"Chile",2011,15500,0,0,3758547,600000,309700,7000,2824455,3600000
"Chile",2012,15650,0,0,3750000,530000,310500,7000,3325481,3650000
"Chile",2013,15650,0,0,3007883,461645,310500,7000,2793260,3401700
"Chile",2014,15700,0,0,3000000,450000,310700,7000,2431449,3300000
"Colombia",1961,294000,0,0,15679000,645000,891000,342000,1795000,1417000
"Colombia",1962,296000,0,0,15979000,647000,924000,355000,1720000,1400000
"Colombia",1963,297000,0,0,16279000,649000,964000,360000,1690000,1507000
"Colombia",1964,298000,0,0,16584000,662000,980000,370000,1540000,1500000
"Colombia",1965,298337,0,0,16882000,675000,983091,380482,1500000,1630000
"Colombia",1966,367678,0,0,17372000,688407,951313,355987,1510000,1701872
"Colombia",1967,422010,0,0,18082000,650000,999662,362246,1680000,1746014
"Colombia",1968,400267,0,0,18830000,630000,1086089,435548,1470000,1966000
"Colombia",1969,315000,0,0,19500000,606000,1110772,353000,1420000,1818000
"Colombia",1970,327000,0,0,20200000,630000,1123320,367000,1470000,1962000
"Colombia",1971,340000,0,0,21000000,654000,1108000,381000,1520000,2025000
"Colombia",1972,356000,0,0,21500000,660000,1245000,385000,1540000,2036000
"Colombia",1973,450000,0,0,22000000,637087,1331000,420000,1735400,1812000
"Colombia",1974,526154,0,0,22500000,675312,1378931,483532,1804800,1888100
"Colombia",1975,542991,0,0,23222000,626071,1435467,499009,1876984,1920800
"Colombia",1976,560367,0,0,23824880,622815,1484560,514973,1875516,2026412
"Colombia",1977,578299,0,0,24446800,626100,1535332,531452,1875796,2137864
"Colombia",1978,596800,0,0,24468000,632300,1587840,548460,1884200,2255446
"Colombia",1979,615898,0,0,24132096,638637,1644000,552000,1916000,2356600
"Colombia",1980,634998,0,0,23945488,645000,1695804,586747,2030000,2413300
"Colombia",1981,640000,0,0,24251040,652095,1710000,590000,2094000,2426573
"Colombia",1982,645000,0,0,24499296,664000,1744000,595000,2179000,2634000
"Colombia",1983,650000,0,0,24000000,729000,1779000,600000,2244000,2660000
"Colombia",1984,650000,0,0,23348848,959173,1815000,600000,2312000,2466250
"Colombia",1985,650000,0,0,23271008,878500,1906000,600000,2381000,2500000
"Colombia",1986,672296,0,0,23593280,922425,1860040,599839,2440000,2537500
"Colombia",1987,682380,0,0,23971200,946800,1897615,605800,2511000,2575500
"Colombia",1988,692615,0,0,24245200,956459,1935560,611890,2580000,2542000
"Colombia",1989,703000,0,0,24414896,958000,1974270,618000,2600000,2545000
"Colombia",1990,650000,0,0,24383504,959000,1975000,618000,2640000,2547000
"Colombia",1991,625000,0,0,24350208,964000,1980000,620000,2642000,2550000
"Colombia",1992,575000,0,0,24772496,968000,2100000,620000,2644000,2553000
"Colombia",1993,550000,0,0,25324000,960000,2200000,622000,2635000,2540000
"Colombia",1994,525000,0,0,25634000,960000,2300000,622000,2600000,2540000
"Colombia",1995,500000,0,0,25551400,965000,2450452,586384,2500000,2540000
"Colombia",1996,475000,0,0,26088000,963000,2450000,575000,2431000,2400000
"Colombia",1997,450000,0,0,25672700,1006400,2450000,550000,2480000,2325100
"Colombia",1998,435000,0,0,25763700,1050400,2450000,525000,2125000,1994400
"Colombia",1999,405000,0,0,24363000,1114900,2500000,505000,2000000,2195600
"Colombia",2000,375000,0,0,24363700,1185000,2550000,475000,2228000,2288000
"Colombia",2001,350000,0,0,24510400,1135507,2600000,450000,2500000,2256030
"Colombia",2002,320000,0,0,24765300,1104980,2600000,430000,2350000,2044670
"Colombia",2003,300000,0,0,24799260,1105000,2592062,400000,2100000,2000000
"Colombia",2004,285000,0,0,24921742,1107000,2590991,372594,1892313,1900000
"Colombia",2005,250000,0,0,25699400,1108000,2553621,320749,1724062,1850000
"Colombia",2006,303874,0,0,26129020,1109000,2316770,435034,2726159,1800000
"Colombia",2007,276678,0,0,26703160,1110000,2393883,471370,4047215,1690000
"Colombia",2008,224051,0,0,26877824,1110000,2421310,430087,4532881,1620000
"Colombia",2009,220846,0,0,26431640,1110000,2505579,432977,4481610,1550000
"Colombia",2010,171798,0,0,27329066,1112000,2126109,310310,5161804,1791802
"Colombia",2011,134467,0,0,25156068,1115000,1963000,147088,5126993,1549480
"Colombia",2012,110986,0,0,23642960,803916,899813,182900,5352791,1045416
"Colombia",2013,63333,0,0,22574780,887455,839182,150702,5340890,701884
"Colombia",2014,118508,0,0,22527783,913377,821852,167503,5897066,725783
"Ecuador",1961,150000,0,0,1550000,152000,186000,86000,1340000,1703000
"Ecuador",1962,166000,0,0,1720000,158000,225000,104000,1410000,1749000
"Ecuador",1963,166408,0,0,1909000,164122,224718,103766,1483000,1644122
"Ecuador",1964,166548,0,0,1900000,164450,225850,104787,1500000,1680947
"Ecuador",1965,166688,0,0,2000000,164788,226992,105808,1570000,1718041
"Ecuador",1966,170000,0,0,2274000,171000,227000,99000,1650000,1749000
"Ecuador",1967,172000,0,0,2314000,178000,230000,98000,1730000,1780000
"Ecuador",1968,173000,0,0,2353300,183885,233000,96000,1810000,1811433
"Ecuador",1969,175000,0,0,2393300,185000,237000,94000,1855000,1855000
"Ecuador",1970,180000,0,0,2433900,191000,240000,92000,1920000,1895000
"Ecuador",1971,183000,0,0,2346000,200000,250000,90000,1980000,1940000
"Ecuador",1972,185000,0,0,2358000,200000,255000,88000,2047000,1980000
"Ecuador",1973,184869,0,0,2381000,200000,270000,88943,2200000,2020000
"Ecuador",1974,186000,0,0,2412000,222074,285339,88906,2365500,2060000
"Ecuador",1975,188000,0,0,2465000,229600,285000,89000,2542910,2054700
"Ecuador",1976,189000,0,0,2551000,235000,289000,89000,2733630,1542000
"Ecuador",1977,194800,0,0,2712260,241400,294800,91900,2935000,1071563
"Ecuador",1978,196300,0,0,2777083,246400,296800,92400,3150000,1077564
"Ecuador",1979,203810,0,0,2846057,251400,309260,96790,3385000,1089706
"Ecuador",1980,206667,0,0,3005390,256835,313567,98111,3549000,1096836
"Ecuador",1981,209519,0,0,3110060,262665,317894,99455,3318000,1258000
"Ecuador",1982,212410,0,0,3220910,268601,322281,100808,3520400,1013800
"Ecuador",1983,215341,0,0,3270300,274510,326728,102179,3735200,1022900
"Ecuador",1984,218272,0,0,3574800,280419,331175,103550,3792247,1162900
"Ecuador",1985,188810,0,0,3730356,286710,337299,112200,2464300,1253500
"Ecuador",1986,161900,0,0,3764800,228100,372000,105000,1842500,1194600
"Ecuador",1987,214800,0,0,3884100,261900,403800,113000,1620100,1293000
"Ecuador",1988,221300,0,0,3997400,273300,426800,115900,1922400,1226300
"Ecuador",1989,241800,0,0,4176600,298300,460160,124200,2092100,1329000
"Ecuador",1990,253016,0,0,4359393,310590,491652,131490,2219768,1419895
"Ecuador",1991,259000,0,0,4516000,309000,516000,141000,2327000,1501000
"Ecuador",1992,262000,0,0,4682000,330000,512000,151000,2425000,1565000
"Ecuador",1993,263000,0,0,4803000,348000,510000,152000,2461000,1631000
"Ecuador",1994,264000,0,0,4937000,369000,515000,153000,2546000,1690000
"Ecuador",1995,265000,0,0,4995000,295000,520000,154000,2618000,1692000
"Ecuador",1996,266000,0,0,5105412,309300,520000,155000,2621000,1708920
"Ecuador",1997,267000,0,0,5149600,309300,520000,156000,2708000,1802463
"Ecuador",1998,268000,0,0,5076400,279565,520000,157000,2708364,2080999
"Ecuador",1999,269000,0,0,5105690,276565,521000,157000,1205000,2195865
"Ecuador",2000,269500,0,0,4486020,279585,523000,157500,1185000,1918618
"Ecuador",2001,270000,0,0,4657016,272560,525000,158000,1402000,1976176
"Ecuador",2002,160840,0,0,5015770,154697,391229,137124,1427515,1109845
"Ecuador",2003,179946,0,0,4985378,140940,399851,125620,1409518,1014321
"Ecuador",2004,168078,0,0,5082094,135360,411012,129476,1281775,1046737
"Ecuador",2005,170913,0,0,4970836,144163,411158,124066,1281011,1053129
"Ecuador",2006,169274,0,0,5034652,156420,403146,134233,1912046,973223
"Ecuador",2007,162058,0,0,4727104,170750,382741,119214,1323080,846435
"Ecuador",2008,145139,0,0,4892216,149606,363886,119929,1097251,743136
"Ecuador",2009,134154,0,0,5194725,158081,360279,119654,1406267,819559
"Ecuador",2010,139249,0,0,5253536,134825,367248,125157,1489761,792499
"Ecuador",2011,130693,0,0,5358904,112331,343820,118864,1831066,742967
"Ecuador",2012,120570,0,0,5235550,108714,337565,119529,1161932,711697
"Ecuador",2013,118462,0,0,5134122,104027,307911,107674,1218538,739475
"Ecuador",2014,84785,0,0,4579374,20793,283714,98259,1910319,619366
"Paraguay",1961,21450,0,0,4695412,78045,342295,7976,575355,350000
"Paraguay",1962,19000,0,0,4499565,59000,329174,12000,512000,361000
"Paraguay",1963,19000,0,0,4300000,59000,350000,12000,525000,360000
"Paraguay",1964,21145,0,0,4350000,50138,380000,11876,751842,420117
"Paraguay",1965,21403,0,0,4400000,48000,380000,11888,810000,438000
"Paraguay",1966,21677,0,0,4350000,48000,400000,11900,861000,442000
"Paraguay",1967,22000,0,0,4300000,47000,430000,12000,786000,441000
"Paraguay",1968,23000,0,0,4300000,50000,420000,12100,710000,402000
"Paraguay",1969,24000,0,0,4300000,54000,360000,12100,636000,363000
"Paraguay",1970,24000,0,0,4340000,58942,325700,11900,588564,324647
"Paraguay",1971,25000,0,0,4459000,74400,315900,11800,578800,333400
"Paraguay",1972,25500,0,0,4548200,86600,331000,12000,617500,340600
"Paraguay",1973,26000,0,0,4756000,100000,325700,12200,725700,335700
"Paraguay",1974,26500,0,0,4844700,104800,325200,12500,841100,354300
"Paraguay",1975,27000,0,0,5043300,107800,324700,13000,974800,366300
"Paraguay",1976,28000,0,0,5567700,108300,325400,13000,1102000,370400
"Paraguay",1977,28000,0,0,5799900,113200,325800,13000,1173600,374100
"Paraguay",1978,28000,0,0,5809500,120300,327500,13000,1201400,403200
"Paraguay",1979,28000,0,0,5703300,125600,328800,13000,1272700,423000
"Paraguay",1980,29000,0,0,5854400,115000,310000,13000,995500,380000
"Paraguay",1981,29000,0,0,6341384,107751,310583,13000,1003081,358886
"Paraguay",1982,29500,0,0,6551693,109205,311385,13000,1023427,360782
"Paraguay",1983,30000,0,0,6650689,110575,312689,13000,1065131,365944
"Paraguay",1984,30000,0,0,6794868,112909,313118,13000,1109138,372036
"Paraguay",1985,30000,0,0,6956200,117647,314290,13000,1278168,378312
"Paraguay",1986,30000,0,0,7150815,123395,317370,13000,1507777,388152
"Paraguay",1987,31000,0,0,7374269,129400,322800,13500,1809374,410983
"Paraguay",1988,31000,0,0,7779558,137561,328334,13500,2107936,432100
"Paraguay",1989,31000,0,0,8073625,145752,334100,14000,2305239,451100
"Paraguay",1990,31000,0,0,8253900,148200,334600,14000,2444363,457200
"Paraguay",1991,31000,0,0,7626617,135000,319900,14000,2580083,356980
"Paraguay",1992,31000,0,0,7886000,120000,327300,14000,2510000,365200
"Paraguay",1993,31500,0,0,8600000,122000,338818,14200,2485000,377961
"Paraguay",1994,31500,0,0,9100000,122180,370387,14200,2500000,385521
"Paraguay",1995,31500,0,0,9788400,122553,368600,14200,2525000,381452
"Paraguay",1996,31700,0,0,9764524,124127,366800,14300,2268000,386026
"Paraguay",1997,31700,0,0,9793683,122600,365100,14300,2100000,394500
"Paraguay",1998,32000,0,0,9832800,123250,363300,14300,2000000,394564
"Paraguay",1999,32000,0,0,9647220,121774,361500,14300,1850000,398111
"Paraguay",2000,32000,0,0,9736860,122992,359800,14300,1800000,402092
"Paraguay",2001,32500,0,0,9889260,124222,357985,14500,1804353,406112
"Paraguay",2002,33000,0,0,9260000,125464,347400,14500,1364791,410171
"Paraguay",2003,35000,0,0,10128377,135501,336800,14550,1473974,442985
"Paraguay",2004,35000,0,0,9622340,159469,326200,14550,1506833,524524
"Paraguay",2005,35000,0,0,9837798,160000,315600,14600,1450000,500000
"Paraguay",2006,35000,0,0,9982932,150000,305000,14650,1300000,460000
"Paraguay",2007,35000,0,0,10464001,140000,350000,14700,1200000,400000
"Paraguay",2008,35000,0,0,10561894,129898,283804,10700,1072655,364514
"Paraguay",2009,35000,0,0,11643386,130000,285000,10700,1100000,380000
"Paraguay",2010,35000,0,0,12305442,135000,290000,10700,1181930,400000
"Paraguay",2011,35000,0,0,12437120,136500,295000,10700,1241026,410000
"Paraguay",2012,35000,0,0,13291164,137537,300000,10700,1168606,427710
"Paraguay",2013,35000,0,0,13376456,140341,300000,10700,1197698,448489
"Paraguay",2014,35000,0,0,14465581,143657,300000,10700,1229760,471892
"Peru",1961,435000,0,3585000,3823700,3831200,580000,193000,1540000,15937900
"Peru",1962,442200,0,3685000,3927000,3950000,589500,196500,1620000,16340000
"Peru",1963,442000,0,3850000,3801500,4198800,616000,197000,1564900,15879100
"Peru",1964,445000,0,4065000,3625000,3950300,615000,200000,1997000,14548300
"Peru",1965,370152,0,4286000,3644000,3959300,493536,164512,1843000,15218100
"Peru",1966,398700,0,4244000,3686000,3916000,531600,177200,1782000,15233000
"Peru",1967,446600,0,4089000,3711000,1867000,595400,198500,1829000,16041000
"Peru",1968,465000,0,4227000,3811000,1821000,620000,200000,1807000,16219900
"Peru",1969,485000,0,4530300,4059700,1855200,640000,210000,1938800,16810608
"Peru",1970,505000,0,4764000,4127300,1886000,667000,220000,1930500,16811008
"Peru",1971,530000,0,4310600,4310100,1945600,700000,230000,2070800,16918096
"Peru",1972,514000,0,4033950,4145200,1991500,685000,228000,2074600,15032800
"Peru",1973,476000,0,4028400,4102600,1988800,634000,211000,2083000,15104800
"Peru",1974,478000,0,4036900,4143600,2011900,636000,212000,2135300,15391600
"Peru",1975,477000,0,3869400,4150400,2010800,634000,211000,2135500,15280400
"Peru",1976,479000,0,3805900,4189600,2021400,637000,211000,2141200,15294200
"Peru",1977,483000,0,3321400,4184400,1892700,643000,214000,2067900,14636400
"Peru",1978,485000,0,3397500,4243300,1818300,645000,215000,2092200,13558000
"Peru",1979,486000,0,3542500,4298700,1869300,648000,216000,2102100,13705900
"Peru",1980,488000,0,3525800,4239000,1699300,650000,217000,2107900,13572100
"Peru",1981,489000,0,3538900,4289000,1625900,653000,218000,2139300,14022400
"Peru",1982,489000,0,3605600,4263900,1675800,653000,218000,2193600,14163800
"Peru",1983,489000,0,3471100,4030000,1650500,653000,218000,2237800,12818800
"Peru",1984,490000,0,3539600,4090400,1646400,655000,220000,2311800,12541400
"Peru",1985,490000,0,3502900,4110000,1685000,655000,220000,2198700,12787500
"Peru",1986,490000,0,3679500,4171700,1732800,655000,220000,2452600,12876400
"Peru",1987,490000,0,3726900,4161100,1768900,655000,220000,2222300,13074600
"Peru",1988,490000,0,3816200,4174300,1785200,655000,220000,2376200,12922000
"Peru",1989,490000,0,3818900,4233800,1771000,660000,220000,2434000,12970400
"Peru",1990,500000,0,3757900,4102300,1721700,660000,222000,2400100,12256900
"Peru",1991,500000,0,3732500,4041500,1747000,660000,222000,2416700,12225500
"Peru",1992,520000,0,3726000,3972000,1776300,665000,224000,2395700,11911600
"Peru",1993,520000,0,3705000,3954900,1783100,665000,224000,2316600,11876500
"Peru",1994,520000,0,3774273,4061685,1789670,665000,224000,2442420,12160223
"Peru",1995,520000,0,3829266,4512832,2043880,665000,224000,2401400,12569983
"Peru",1996,520000,0,3786649,4645660,2022930,665000,224000,2533240,12712513
"Peru",1997,520000,0,3795742,4560156,2047720,665000,224000,2480980,13108047
"Peru",1998,520000,0,3807371,4656827,2019440,665000,224000,2531470,13565812
"Peru",1999,535000,0,4146912,4903363,2068260,675000,235000,2787530,14296717
"Peru",2000,550000,0,4191029,4926769,2022760,690000,250000,2818650,14686310
"Peru",2001,570000,0,4145494,4961949,1997870,700000,260000,2780930,14252613
"Peru",2002,580000,0,4325213,4989840,1942295,710000,270000,2849172,14025400
"Peru",2003,600000,0,4380000,5132530,1984275,720000,280000,2992409,14752243
"Peru",2004,610000,0,4400000,5181173,1959345,725000,285000,3004269,14734817
"Peru",2005,620000,0,4866830,5241298,1957087,730000,290000,3005401,14822223
"Peru",2006,620000,0,4881728,5241100,1936860,730000,290000,3073860,14675300
"Peru",2007,630000,0,4961765,5420860,1925912,730000,295000,3115770,14580200
"Peru",2008,635000,0,5043588,5442989,1904124,732000,295000,3151406,14509628
"Peru",2009,635000,0,5343175,5459435,1928608,732000,300000,3256809,14137690
"Peru",2010,640000,0,5422668,5520200,1968306,735000,305000,3254413,14159720
"Peru",2011,640000,0,5548870,5689173,1946217,740000,305000,3263254,14050173
"Peru",2012,640000,0,5600000,5660948,1949151,742000,307000,2991012,12183777
"Peru",2013,640000,0,5600000,5556188,1927905,742500,307000,3132335,12434352
"Peru",2014,640000,0,5600000,5578388,1902478,743000,307000,3231581,12387635
"Uruguay",1961,1500,0,0,8792428,19000,498097,3500,383357,21737856
"Uruguay",1962,1500,0,0,8835000,18000,470000,3500,406000,21753008
"Uruguay",1963,1500,0,0,8682000,18000,474500,3500,413000,21829008
"Uruguay",1964,1500,0,0,8698000,19000,462700,3500,408000,21898000
"Uruguay",1965,1500,0,0,8142000,17000,451000,3500,364000,21874000
"Uruguay",1966,1500,0,0,8187676,17000,450000,3500,382987,23078544
"Uruguay",1967,1500,0,0,8570000,18000,450000,3500,398000,21400000
"Uruguay",1968,1500,0,0,8622000,16000,440000,3500,389000,21500000
"Uruguay",1969,1500,0,0,8900000,15000,440000,3500,409000,22606000
"Uruguay",1970,1200,0,0,8563747,14000,420972,3500,418709,19892752
"Uruguay",1971,1300,0,0,8727000,13000,420000,3300,410000,17687008
"Uruguay",1972,1200,0,0,9272651,12000,410000,3500,355000,15482000
"Uruguay",1973,1200,0,0,9860187,12000,430000,3500,375000,15902339
"Uruguay",1974,1200,0,0,10672000,12000,450000,3500,435000,14732000
"Uruguay",1975,1200,0,0,11530000,12000,470000,3500,424000,15069000
"Uruguay",1976,1200,0,0,10383000,12000,509000,3500,410000,15647000
"Uruguay",1977,1200,0,0,10111000,12000,491000,3500,405000,15974000
"Uruguay",1978,1200,0,0,10001000,12000,500000,3500,380000,16157000
"Uruguay",1979,1200,0,0,10300000,12000,482395,3500,340000,17233008
"Uruguay",1980,1200,0,0,11173000,12000,491270,3500,288944,20033008
"Uruguay",1981,1200,0,0,11420838,12000,505923,3500,295000,20390688
"Uruguay",1982,1200,0,0,11236590,12000,465236,3500,280000,20306848
"Uruguay",1983,1200,0,0,9704325,12000,453191,3500,270000,20447200
"Uruguay",1984,1200,0,0,9061919,12000,468870,3500,235000,20637008
"Uruguay",1985,1200,0,0,9371000,12000,464302,3500,200000,21196000
"Uruguay",1986,1250,0,0,9300479,12500,469197,3550,195000,23336576
"Uruguay",1987,1250,0,0,9945313,13000,437419,3550,220000,24006000
"Uruguay",1988,1250,0,0,10330911,13500,466259,3550,215000,24689168
"Uruguay",1989,1250,0,0,9446155,13500,461971,3550,215000,24871584
"Uruguay",1990,1300,0,0,8692000,13800,465000,3600,215000,25245000
"Uruguay",1991,1300,0,0,9001000,14000,470000,3600,220000,26611000
"Uruguay",1992,1300,0,0,9670000,14500,475000,3600,240000,25034000
"Uruguay",1993,1350,0,0,10217000,14800,480000,3700,260000,23301000
"Uruguay",1994,1350,0,0,10511000,14800,480000,3700,280000,21230000
"Uruguay",1995,1350,0,0,10450000,14800,470000,3700,270000,20205000
"Uruguay",1996,1350,0,0,10651000,14800,480000,3700,270000,19747000
"Uruguay",1997,1350,0,0,10553000,14800,500000,3700,270000,18280000
"Uruguay",1998,1350,0,0,10297000,14800,500000,3700,330000,16495000
"Uruguay",1999,1350,0,0,10389000,14800,500000,3700,360000,14491000
"Uruguay",2000,1350,0,0,10353000,15000,500500,3700,294000,13198000
"Uruguay",2001,1400,0,0,10595000,15000,590000,3750,282000,12083000
"Uruguay",2002,1400,0,0,11268000,15000,390000,3750,270000,10801000
"Uruguay",2003,1450,0,0,11708000,16000,437000,3800,240000,9975000
"Uruguay",2004,1450,0,0,11958000,16000,429000,3800,235000,9766000
"Uruguay",2005,1450,0,0,11956000,16000,432000,3800,255000,10847000
"Uruguay",2006,1500,0,0,12437000,16500,525000,3800,240000,11087000
"Uruguay",2007,1500,0,0,12368000,16500,427000,3800,245000,10323000
"Uruguay",2008,1550,0,0,12657000,16700,402000,4000,235000,9558000
"Uruguay",2009,1600,0,0,12490000,16700,393000,4000,200000,8662000
"Uruguay",2010,1600,0,0,11800000,16700,399000,4000,210000,7710000
"Uruguay",2011,1600,0,0,11808000,17000,405000,4000,220000,7474000
"Uruguay",2012,1600,0,0,11406000,17300,407000,4000,207000,8225000
"Uruguay",2013,1600,0,0,11536000,17500,380000,4000,210000,8190000
"Uruguay",2014,1600,0,0,11834000,17400,380000,4000,208000,7427000
"Venezuela",1961,410000,0,0,6500000,1200000,426000,78000,1750000,100000
"Venezuela",1962,405011,0,0,6518899,1270453,395851,65339,1730000,90036
"Venezuela",1963,410000,0,0,6724244,1291766,392450,65000,1690770,80244
"Venezuela",1964,435200,0,0,6936058,1280000,396800,68000,1643963,89315
"Venezuela",1965,452600,0,0,7154544,1270000,401100,69600,1666338,79660
"Venezuela",1966,470700,0,0,7379912,1272000,405543,71200,1603326,90000
"Venezuela",1967,475000,0,0,7612379,1273000,409680,73000,1552216,100000
"Venezuela",1968,480000,0,0,7852169,1274000,414186,74000,1548278,110000
"Venezuela",1969,485000,0,0,8101537,1275000,418701,75000,1479712,120000
"Venezuela",1970,495000,0,0,8289408,1276000,423265,76000,1601301,140000
"Venezuela",1971,500000,0,0,8485106,1276000,427798,77000,1608770,176000
"Venezuela",1972,510000,0,0,8549364,1278714,432075,78000,1767077,190000
"Venezuela",1973,510000,0,0,8729552,1289000,445324,78000,1570344,205000
"Venezuela",1974,500000,0,0,8842782,1295000,450356,79000,1795332,220000
"Venezuela",1975,480000,0,0,9088786,1304000,454409,78000,1879537,237000
"Venezuela",1976,480000,0,0,9404383,1326000,458000,77000,1915514,256000
"Venezuela",1977,470000,0,0,9545876,1339000,463000,76000,2004147,277000
"Venezuela",1978,460000,0,0,9918697,1354000,470000,75000,2046242,298000
"Venezuela",1979,455000,0,0,10248900,1319400,474000,75000,2140945,320000
"Venezuela",1980,450000,0,0,10539000,1337700,478000,74000,2279904,344000
"Venezuela",1981,450000,0,0,10792300,1381000,482000,74000,2302825,336200
"Venezuela",1982,448000,0,0,11051700,1312000,481000,74000,2447514,382000
"Venezuela",1983,445000,0,0,11315000,1322000,412000,73000,2459187,356000
"Venezuela",1984,445000,0,0,11575000,1335000,491000,73000,2698730,265100
"Venezuela",1985,440000,0,0,11843600,1340000,495000,72000,2934910,253600
"Venezuela",1986,440000,0,0,12330771,1453900,495000,72000,3010730,264500
"Venezuela",1987,440000,0,0,12640800,1483100,495000,72000,3186580,316300
"Venezuela",1988,440000,0,0,12856400,1511100,495000,72000,3349230,323800
"Venezuela",1989,440000,0,0,13075900,1529600,495000,72000,3052660,335900
"Venezuela",1990,440000,0,0,13272100,1650000,495000,72000,2903910,351200
"Venezuela",1991,440000,0,0,13586200,1800000,495000,72000,3000000,366600
"Venezuela",1992,440000,0,0,13648000,1850000,495000,72000,3182740,377000
"Venezuela",1993,440000,0,0,13325000,1987000,495000,72000,3455560,396000
"Venezuela",1994,440000,0,0,13796000,1990000,495000,72000,3716370,399300
"Venezuela",1995,440000,0,0,13950403,1173330,500000,72000,2975345,481697
"Venezuela",1996,440000,0,0,14016307,1152654,500000,72000,2885020,480552
"Venezuela",1997,440000,0,0,14249724,1132656,500000,72000,2751325,479092
"Venezuela",1998,440000,0,0,14539512,1161236,500000,72000,2844876,475341
"Venezuela",1999,440000,0,0,14858779,1180521,500000,72000,2792422,450830
"Venezuela",2000,440000,0,0,15164370,1205123,500000,72000,2809968,471216
"Venezuela",2001,440000,0,0,15474090,1224741,500000,72000,2780120,485066
"Venezuela",2002,440000,0,0,15791136,1250852,500000,72000,2825210,511784
"Venezuela",2003,440000,0,0,15988907,1279635,500000,72000,2921603,520225
"Venezuela",2004,440000,0,0,16231616,1310794,500000,72000,3046903,528190
"Venezuela",2005,440000,0,0,16615439,1341953,500000,72000,3264138,525121
"Venezuela",2006,440000,0,0,16628837,1362190,500000,72000,3195790,544432
"Venezuela",2007,440000,0,0,16853524,1386345,510000,72000,3216222,555122
"Venezuela",2008,440000,0,0,16987936,1415129,510000,72000,3312058,566044
"Venezuela",2009,440000,0,0,17000000,1420000,510000,72000,3350000,570000
"Venezuela",2010,440000,0,0,14134039,1417718,515000,72000,3486492,586950
"Venezuela",2011,440000,0,0,14334094,1419978,518000,72000,3685659,589702
"Venezuela",2012,440000,0,0,16969650,1426518,520000,72000,3812123,596622
"Venezuela",2013,440000,0,0,16971185,1430759,522000,72000,3813473,599842
"Venezuela",2014,440000,0,0,16816301,1432899,522000,72000,3808563,601207
